word,positive_probability,negative_probability,neutral_probability
found,0.27362915252632236,0.3459773317636314,0.38039351571004615
indeed,0.5559649712250512,0.24783965754992532,0.1961953712250235
...,0.02189970996807747,0.8207021318136845,0.15739815821823813
completely,0.3330450617019944,0.31363396380390196,0.3533209744941037
thanks,0.26295623223647197,0.3966257736615391,0.34041799410198886
yet,0.2777809905406952,0.3752049173455913,0.3470140921137135
perfect,0.3427119052022379,0.22622855107982184,0.43105954371794036
mood,0.23778954202229133,0.5167622032963001,0.24544825468140868
lol,0.0811387877771817,0.6582991188270771,0.2605620933957411
cant,0.8330872717221954,0.04552351342102911,0.12138921485677545
believe,0.32569461435506863,0.3678123314580466,0.3064930541868849
stay,0.26697472921785326,0.305194364332158,0.4278309064499888
late,0.3161271363373653,0.2917649992245725,0.39210786443806206
.....,0.2735176382719969,0.47552495771437214,0.250957404013631
mom,0.6536351743038308,0.1842777577057994,0.16208706799036984
called,0.32872557009366243,0.32657536155565664,0.344699068350681
hes,0.28390246182222934,0.4556118698234163,0.26048566835435444
gone,0.35204572584756855,0.1850192278291208,0.4629350463233107
may,0.2003949804567063,0.5284026156472043,0.27120240389608935
1st,0.30610223457664293,0.396522557208165,0.29737520821519203
best,0.3151474856846682,0.26998003585436364,0.41487247846096814
guy,0.2127883295916602,0.4316011296950544,0.35561054071328535
could,0.21772567185989689,0.49460947248806597,0.2876648556520371
love,0.255386056881668,0.4810024259823256,0.2636115171360064
jay,0.21652092219408425,0.39474609954387974,0.38873297826203607
closed,0.2477381015440321,0.4972376622297994,0.25502423622616843
still,0.6101019507699997,0.16516900157268752,0.22472904765731272
nice,0.23881985725051977,0.3744950380489798,0.38668510470050027
lunch,0.19225782239639008,0.27854203919866155,0.5292001384049484
start,0.19071623193781156,0.451704480366351,0.35757928769583747
think,0.39974227302203474,0.2880069104225159,0.31225081655544945
year,0.3025874492781209,0.31882689082363247,0.37858565989824655
missed,0.6929657145273223,0.10039647844405324,0.20663780702862447
sooo,0.3551433418289723,0.2799041312227164,0.36495252694831126
thinks,0.37309534754562107,0.29098142806808425,0.33592322438629474
dont,0.7797435315604087,0.054730225700268816,0.16552624273932254
havin,0.19967266143749476,0.32399876971079333,0.4763285688517119
leno,0.08444856674987229,0.4893944120810012,0.42615702116912646
show,0.12458854006361751,0.36100633594563974,0.5144051239907429
happy,0.2581769040982682,0.1496180918834316,0.5922050040183002
day,0.16638253798524358,0.3374757041129379,0.4961417579018186
totally,0.22858219592006057,0.39740230186198433,0.3740155022179552
felt,0.7866642536991925,0.07912068956165424,0.13421505673915335
bad,0.2608102702664919,0.2605934038827858,0.4785963258507223
miss,0.32540582915941757,0.2693977793284535,0.4051963915121289
guys,0.5192631473637915,0.08597777067993277,0.39475908195627557
looking,0.2644816901207288,0.38206890241159513,0.3534494074676761
past,0.29822127425762207,0.33124698543884834,0.37053174030352953
lives,0.06293834663851425,0.7002986381537475,0.2367630152077383
kind,0.36268581314836495,0.3796851610438741,0.25762902580776087
hair,0.19999249833162874,0.46359678989704617,0.3364107117713251
doc,0.3204351295986706,0.2863773872319043,0.39318748316942514
baby,0.17860227474491355,0.4448434707263593,0.37655425452872715
girl,0.194057672889674,0.4498394437643567,0.35610288334596935
sitting,0.06186608910756466,0.82460738867619,0.11352652221624533
waitin,0.19345013119955554,0.7473851984234906,0.05916467037695386
congrats,0.06261478732146801,0.7075843913737654,0.22980082130476648
college,0.3104042564237719,0.3419862514067151,0.3476094921695131
also,0.09898075531650925,0.40152771436906365,0.49949153031442706
know,0.27225794715012674,0.3377009354481084,0.3900411174017648
mad,0.40173946398441185,0.23822944543560362,0.3600310905799845
bored,0.3637711505577411,0.28435083948291257,0.35187800995934637
gon,0.8702285181192916,0.04034502802279999,0.08942645385790839
get,0.8516973589843498,0.053072442485785895,0.09523019852986417
pass,0.5819259352057687,0.185442628840554,0.23263143595367733
tomorrow,0.2753358200268106,0.4900832482143255,0.234580931758864
excited,0.20022158130115686,0.563583781989072,0.2361946367097712
cold,0.09591235637550499,0.7090576688481391,0.19502997477635586
find,0.4673272521371812,0.17195201623993236,0.3607207316228865
mean,0.6719276539969422,0.1533826369675992,0.17468970903545858
right,0.06371936920436251,0.7336065426306001,0.20267408816503726
need,0.446023071202853,0.23956523060698245,0.31441169819016457
make,0.29788573955376463,0.4240036704696334,0.278110589976602
sorry,0.4542483462632023,0.2552678475751008,0.29048380616169683
hit,0.19776523955491318,0.3667470769182482,0.4354876835268386
came,0.12623321316942207,0.4876958960288369,0.38607089080174106
goodnight,0.17280303427098656,0.45064089513805394,0.37655607059095947
world,0.4563716658521137,0.26447546914756853,0.27915286500031766
much,0.2510346186449309,0.5877352039248863,0.16123017743018273
longer,0.3863596484888034,0.2985363522454905,0.31510399926570615
party,0.24918659318759953,0.350705257887273,0.40010814892512747
bed,0.7376812279601238,0.0777271538824831,0.18459161815739314
wondering,0.35473695644984926,0.3197854390315647,0.325477604518586
time,0.2573703872108899,0.44745210315718076,0.29517750963192935
stress,0.3436024472567109,0.3704627129978523,0.285934839745437
sending,0.39184734968533,0.2375632143364353,0.3705894359782347
pray,0.264508431083394,0.4033876947159406,0.33210387420066556
lord,0.31611054077674855,0.21982999339362239,0.46405946582962904
knows,0.756463674059536,0.058451214236079865,0.18508511170438424
lack,0.27244148984309385,0.25261547543966506,0.4749430347172412
iphone,0.15609241441423585,0.646130862526911,0.19777672305885327
cleaning,0.28604877814684854,0.2774471954415348,0.4365040264116167
watching,0.22457623616143185,0.2602918185435142,0.515131945295054
play,0.2923888764159471,0.32436525504710445,0.38324586853694853
wars,0.39360645925407256,0.183594227862827,0.4227993128831004
4th,0.27889152205011136,0.32453298959359117,0.3965754883562974
june,0.2587117124138797,0.3410127576987235,0.40027552988739673
internet,0.3373239425436073,0.32841514183653797,0.33426091561985466
less,0.25804638408882696,0.32627444339914485,0.4156791725120282
taking,0.10624134337993665,0.6403149118393585,0.25344374478070486
long,0.02860259981200138,0.8204978205751312,0.1508995796128674
decide,0.20422865565278456,0.45312722420058327,0.34264412014663215
getting,0.2607227698810443,0.3579409790340803,0.38133625108487545
soon,0.16214728857340585,0.45104269270235536,0.38681001872423876
mate,0.3412310027074584,0.2816431049136187,0.37712589237892286
board,0.7566725971449367,0.06976218795024923,0.17356521490481408
twitter,0.23881873960474112,0.4577835981137627,0.3033976622814962
tweet,0.23046648103936207,0.3587024169807154,0.4108311019799225
great,0.22259887746238455,0.4339090736156807,0.3434920489219348
would,0.2756431615901467,0.36607105716963534,0.35828578124021804
travel,0.211909573162847,0.37786262633421375,0.41022780050293917
one,0.31627403911006324,0.3203384126181456,0.3633875482717911
big,0.04163456840289612,0.7493863724648807,0.20897905913222323
sound,0.19789958232501928,0.42597774348382106,0.3761226741911596
art,0.3673900938400027,0.30605678962930183,0.32655311653069546
lmao,0.6711108153719415,0.10083126987028403,0.2280579147577744
awww,0.47974722272689835,0.22895930949103585,0.29129346778206583
awesome,0.36456076226806916,0.39467914234099805,0.24076009539093285
left,0.1805232591430974,0.4882099986837347,0.3312667421731679
soo,0.3096480142656543,0.3588930250111522,0.3314589607231935
sick,0.3376458466789114,0.2855749903190359,0.37677916300205266
ahhhh,0.28781185503406986,0.3378067264894413,0.37438141847648887
mess,0.2196416590411748,0.2909399642732115,0.4894183766856136
weeks,0.3059884760268732,0.2655684146634016,0.4284431093097252
hope,0.03753303570172939,0.6525317828756706,0.3099351814226
difficult,0.16649175871280958,0.5789095505641171,0.25459869072307323
well,0.26072688075036443,0.43170242442689744,0.30757069482273813
btw,0.25897811768439505,0.5628090350902426,0.17821284722536238
beat,0.3966913253952705,0.23933717410162653,0.36397150050310306
flight,0.41575130689548806,0.24093525117207862,0.34331344193243324
maybe,0.4340535264631088,0.16769447453483644,0.3982519990020548
follow,0.21106858341979712,0.44034474634818743,0.3485866702320154
pick,0.21324266527664937,0.395449293012649,0.39130804171070166
promise,0.22828877077778284,0.35279303702224624,0.41891819219997095
wanted,0.20267930248477975,0.32526345628316033,0.4720572412320599
leave,0.17913654663077905,0.3460426793674133,0.4748207740018076
showing,0.24976384947953037,0.5210732794243736,0.22916287109609598
mothers,0.31613510510705806,0.2301817675559289,0.4536831273370131
mommy,0.22408084543033385,0.28857515902826875,0.48734399554139735
log,0.5242798586514407,0.13629733255525295,0.3394228087933064
joke,0.6521031583514165,0.0629842230365696,0.2849126186120139
except,0.7652330913712918,0.06956331600517147,0.16520359262353673
site,0.5737433094759963,0.10230597444207076,0.323950716081933
near,0.3125603653016776,0.3960492111056971,0.2913904235926253
lil,0.06100947745618761,0.7990472616689202,0.13994326087489226
starbucks,0.2547987189738286,0.35069338760509156,0.3945078934210797
head,0.33907147983567093,0.32154207105017724,0.3393864491141518
hehe,0.3500731554247013,0.29303964199944127,0.35688720257585743
anything,0.09584889112351695,0.6110074436768159,0.29314366519966717
hoping,0.20007813978051844,0.3844619040707466,0.41545995614873493
video,0.11484484290590816,0.5058151271070946,0.3793400299869971
going,0.2968688156791434,0.344081480849282,0.3590497034715746
life,0.27006207630736456,0.3563515762347376,0.3735863474578978
seems,0.11619883680070399,0.4040357126889621,0.4797654505103338
see,0.24737930991136733,0.34406566721823634,0.4085550228703962
leaving,0.21868434874346057,0.44356009629582643,0.337755554960713
rain,0.3938851326872158,0.2000510833871392,0.40606378392564507
check,0.4803708062245059,0.1670300378142113,0.3525991559612829
eat,0.4502264450316241,0.37273457823351747,0.17703897673485847
exactly,0.3235595162882271,0.2781375705035737,0.3983029132081993
true,0.2838047133494075,0.32893972314967773,0.3872555635009149
productive,0.7064136310388566,0.136459739915712,0.15712662904543132
hee,0.7776443188609888,0.06588576985984439,0.15646991127916682
mins,0.23881819675199448,0.4982377602967551,0.26294404295125046
enough,0.3851631646094711,0.24180962061687247,0.3730272147736565
shall,0.4405123527240539,0.35739860253647965,0.20208904473946643
come,0.31022346754205266,0.3272917910098536,0.3624847414480938
later,0.3618541444383096,0.31843468519194956,0.3197111703697408
cool,0.37764575863962624,0.49241792378359905,0.1299363175767747
outside,0.4027927938971356,0.337722091454634,0.2594851146482303
concert,0.4964934939275434,0.2301814237131073,0.2733250823593493
tix,0.3540932877852446,0.33578727752217197,0.31011943469258335
listening,0.44985670059262783,0.36804696184612096,0.1820963375612512
really,0.01112259081198921,0.8766204378610797,0.11225697132693102
catch,0.8319270173111253,0.027948779809058705,0.14012420287981597
tho,0.19417963944053732,0.3901058814260895,0.41571447913337334
next,0.36868571628105984,0.25639188865779766,0.3749223950611426
keep,0.35491825548212314,0.46745777196753924,0.17762397255033757
funny,0.046458923715022596,0.7915588302502956,0.16198224603468173
huh,0.11751633984108455,0.6129252163047882,0.2695584438541272
ages,0.08956138504205567,0.6228289203435172,0.28760969461442715
done,0.20001250887417324,0.368187227804124,0.43180026332170274
someone,0.17507291488863233,0.43481938796293906,0.3901076971484286
want,0.6695529624321699,0.10667156260251257,0.2237754749653176
happen,0.18817795481276875,0.5816131205476937,0.23020892463953752
already,0.3648585961910577,0.2915674215898354,0.3435739822191068
put,0.5066830245816474,0.20838385327838324,0.2849331221399693
woke,0.2167045384866505,0.4338360541919641,0.34945940732138536
real,0.320512616623392,0.2971883874198454,0.38229899595676264
cause,0.3024864538634805,0.3505925226403177,0.3469210234962018
amazing,0.2989694231222789,0.2926136456638028,0.40841693121391814
wolverine,0.39187012064266696,0.16935949051668342,0.43877038884064956
beautiful,0.38398235768990163,0.2774332451292672,0.3385843971808311
person,0.27942630982024474,0.25909199860214166,0.4614816915776136
friends,0.36436540820884133,0.24069620033642825,0.39493839145473036
around,0.4530431568024475,0.27799045322653315,0.2689663899710195
simple,0.49798635437488586,0.21644393904769285,0.2855697065774213
word,0.2744253815900674,0.37486673536690157,0.35070788304303097
front,0.15228947656767655,0.44715588439765813,0.40055463903466537
due,0.32143425611271303,0.42577565384391775,0.2527900900433692
ice,0.8413144376758517,0.030608936299010944,0.1280766260251374
might,0.2894977379023255,0.3595051504437995,0.35099711165387504
drive,0.6843154360704236,0.16697807330183784,0.1487064906277386
looks,0.20978600988937035,0.40524903667782997,0.3849649534327997
nights,0.3355724894152738,0.44450332649895924,0.21992418408576692
poor,0.12292500577690234,0.28494887834117927,0.5921261158819183
phone,0.36811521290188104,0.23272286224901106,0.39916192484910784
without,0.2715631354100053,0.34336505495510455,0.3850718096348901
cover,0.0509153778523149,0.29506363895694365,0.6540209831907415
texas,0.36608743674789396,0.2020515792125171,0.43186098403958895
least,0.24446032412058963,0.2428612982949504,0.51267837758446
wants,0.19620254540580537,0.4737618857506901,0.3300355688435045
working,0.4578698621488069,0.13758562245851813,0.4045445153926749
exam,0.3345903716454983,0.2467831554217735,0.41862647293272814
bought,0.30892008406570287,0.33869531037012784,0.35238460556416923
gift,0.251174689643841,0.30824509658611815,0.4405802137700409
finally,0.2698491014327266,0.2274652176264422,0.5026856809408312
meet,0.39447977725085837,0.26943088392455766,0.33608933882458414
mum,0.25382248134896274,0.367736566804742,0.37844095184629534
fam,0.844516765483086,0.027807524654211588,0.1276757098627025
course,0.6098071606957582,0.15706402574160733,0.23312881356263437
nasty,0.447247390715013,0.1727918599905795,0.3799607492944075
picture,0.16375101470023545,0.3479542563253403,0.4882947289744242
crazy,0.4577337527143484,0.1580301070963552,0.3842361401892963
support,0.2812890492143295,0.2963854356738684,0.42232551511180216
clothes,0.2505195458357205,0.3418536312811123,0.4076268228831672
place,0.3469868841566387,0.4201777151767586,0.23283540066660258
officially,0.1732061044618622,0.4478314179050054,0.37896247763313234
post,0.41566045883668423,0.1605884020745333,0.42375113908878254
weather,0.3433775180668693,0.24581532432160988,0.41080715761152103
videos,0.19967266143749476,0.32399876971079333,0.4763285688517119
song,0.2630950655304131,0.2927390469186126,0.44416588755097436
little,0.2722833474978512,0.34517224406391256,0.3825444084382362
fun,0.34223274613947874,0.17629328192192203,0.48147397193859925
friend,0.23019145145882036,0.40020007818403414,0.3696084703571455
help,0.25657471165148316,0.3398619267727271,0.40356336157578976
move,0.4258371222980895,0.35536343034253076,0.21879944735937973
bring,0.7473573221449621,0.19989545281570495,0.052747225039332976
realize,0.5122896646835786,0.08482312587649597,0.4028872094399254
remember,0.13560262074031093,0.3667259033954215,0.4976714758642676
times,0.16464537437423152,0.4293671068992399,0.40598751872652844
change,0.21157263306006682,0.3678302723912743,0.4205970945486589
account,0.30060917509394175,0.2826046485557122,0.416786176350346
even,0.2950050043779379,0.25875122187853794,0.44624377374352414
misses,0.2325629429069795,0.2695486947763049,0.4978883623167156
yeah,0.6482898431127515,0.08218338066114607,0.2695267762261025
always,0.33645340242153815,0.36480261879168735,0.2987439787867746
part,0.023754893877702018,0.6057208096158172,0.3705242965064807
movie,0.3968062790819147,0.15996958036185208,0.4432241405562332
seen,0.28247248607164294,0.45835387431349,0.25917363961486695
friday,0.032780184829704045,0.4559207546100027,0.5112990605602933
milk,0.40263836491354266,0.20740983900282775,0.3899517960836297
knew,0.31929391638056465,0.4292170490553334,0.25148903456410204
ouch,0.2947862288292991,0.28910342904069264,0.41611034213000825
thing,0.20426739878391256,0.4208944997518562,0.37483810146423124
try,0.2896627073632866,0.22032238322544437,0.4900149094112691
uni,0.30420516167933,0.2426880778438302,0.45310676047683973
demi,0.31967223977335546,0.3188121845460965,0.361515575680548
dance,0.665319503814029,0.14137362970980236,0.19330686647616843
class,0.3952615926677284,0.29153230732809743,0.31320610000417415
yay,0.20426883291298673,0.2959435228960668,0.4997876441909465
pink,0.24014907533622046,0.38967780764757803,0.37017311701620165
july,0.16240298884905763,0.3011693135620053,0.536427697588937
hurts,0.16739382490578827,0.0646717922941202,0.7679343828000915
talk,0.17652173140232968,0.5319468546081982,0.2915314139894721
dude,0.25372477102158225,0.4043545051022131,0.34192072387620465
tried,0.29816629755373525,0.3400113517493289,0.3618223506969359
whole,0.2742820032876426,0.36809770640763567,0.35762029030472176
season,0.2433823388074859,0.28208875815353895,0.4745289030389752
breakfast,0.1959311844356021,0.39059684366374636,0.41347197190065155
hopefully,0.2633338600431734,0.3052132785120225,0.4314528614448041
wishes,0.24290396223710456,0.46922383791809896,0.28787219984479656
someday,0.3411042185005827,0.2314254911921122,0.4274702903073051
kinda,0.407527268313333,0.19887938951568107,0.39359334217098596
bus,0.24336347665252933,0.4163844658888923,0.3402520574585784
cos,0.3128601319243384,0.37712062257114554,0.3100192455045161
broken,0.19785431981686533,0.4477203324030997,0.35442534778003504
wow,0.7291754052456231,0.024857063019551737,0.2459675317348252
sunday,0.48185967877349717,0.22339697951049228,0.2947433417160105
r.i.p,0.8558355974457806,0.03905290532699559,0.10511149722722361
google,0.34298938709768134,0.13251228600549067,0.5244983268968281
pages,0.7213300358103609,0.05805882509616308,0.22061113909347604
scene,0.24738039164462328,0.2662424543217395,0.48637715403363724
whatever,0.41357060287366587,0.28760579344844694,0.29882360367788724
issue,0.4206972622825487,0.29256182397790576,0.2867409137395457
nothing,0.35892871801726034,0.3466759229779157,0.294395359004824
doesnt,0.3420898396679594,0.25772126292773295,0.4001888974043077
happiness,0.40623355455415616,0.3452819993281855,0.2484844461176584
ahead,0.282583212670026,0.4211022350085747,0.29631455232139925
'the,0.361111962117192,0.24732001560942077,0.3915680222733873
green,0.6743493878954112,0.07815948450700186,0.2474911275975869
lot,0.4289158960482905,0.17754597422634882,0.39353812972536073
wear,0.19083955008879055,0.35390368556666185,0.4552567643445476
feel,0.23714243405726124,0.4610495916912261,0.30180797425151257
feels,0.40890815246951506,0.3159593625244474,0.2751324850060376
cost,0.12012915040072208,0.6961697184072158,0.18370113119206216
quite,0.43038241951541584,0.22827744023698288,0.3413401402476011
pizza,0.15487138891263605,0.4188366692252758,0.42629194186208813
china,0.4672409704817393,0.27077442382929845,0.2619846056889623
idea,0.2829899539536934,0.28426266971115705,0.43274737633514954
tha,0.17845114896434794,0.27577494323855073,0.5457739077971013
music,0.20872754814882488,0.5040054736016657,0.28726697824950936
wit,0.3240237947132924,0.2682536172472046,0.40772258803950295
years,0.24816908125615716,0.4026914672664047,0.34913945147743825
brother,0.30466381106321316,0.3185721849556307,0.3767640039811563
walking,0.25556187464160024,0.38118219420293076,0.36325593115546906
used,0.24120418906851818,0.379408564463964,0.3793872464675178
live,0.5425112027755562,0.18982331021416526,0.26766548701027837
thought,0.4666570502355322,0.230772080381567,0.30257086938290084
throw,0.3717184040251784,0.28722320468569373,0.3410583912891278
lonely,0.046650856158449126,0.7750032756905144,0.17834586815103645
replied,0.12679373558236331,0.42809630819002065,0.44510995622761607
thx,0.16778807964150688,0.5605378983963566,0.2716740219621363
snl,0.22678912417491418,0.3154279610329519,0.4577829147921339
especially,0.16047147972556544,0.4959790224894029,0.34354949778503174
boring,0.22828877077778284,0.35279303702224624,0.41891819219997095
wan,0.3276910369701545,0.2532036852793832,0.4191052777504623
bummer,0.23821067250799713,0.2760946135859611,0.4856947139060418
stayed,0.24854210546897093,0.27554436667889937,0.4759135278521298
almost,0.2532590741977017,0.3433820219658259,0.4033589038364724
worth,0.23295741894011202,0.4172818554724704,0.3497607255874176
sleep,0.39389598773390394,0.22826970635163643,0.3778343059144597
comes,0.6372149978126938,0.11661391114979384,0.24617109103751236
emails,0.4340524320142958,0.21256992468994595,0.3533776432957582
tea,0.3451324188670336,0.16667529491827363,0.4881922862146927
ive,0.46161303157461914,0.24319357589305146,0.2951933925323293
yep,0.2724903554588162,0.4060619759319474,0.32144766860923624
dark,0.2749182080641625,0.22059688743214806,0.5044849045036894
told,0.1476908146872151,0.5135366688059726,0.3387725165068123
gettin,0.2765280098122244,0.32050576580374596,0.40296622438402957
house,0.2843916114040192,0.46840730987293955,0.24720107872304117
homework,0.4964934939275434,0.2301814237131073,0.2733250823593493
ride,0.2869984416030533,0.33264136740770023,0.3803601909892465
followed,0.3369398788223764,0.3207886092879394,0.3422715118896843
finished,0.25657341872290146,0.42954554843211273,0.31388103284498586
didnt,0.6293767586524891,0.20686461937255304,0.16375862197495786
ten,0.2801816778784756,0.3085034717782034,0.41131485034332094
kids,0.34466535851928903,0.42735002190698246,0.22798461957372856
fan,0.35205926036830737,0.18135518339918932,0.46658555623250336
fabulous,0.4978636510760031,0.21757306983134983,0.2845632790926471
obviously,0.2921208698131708,0.3638454912905837,0.34403363889624555
large,0.6219781084149743,0.17560254920470797,0.20241934238031775
putting,0.379230387980345,0.27281883892915354,0.3479507730905016
upset,0.30038489585808575,0.447630097391398,0.25198500675051616
second,0.26527379237509563,0.4340636172026939,0.3006625904222106
2008,0.4555359057503839,0.2309922399360656,0.31347185431355057
sleeping,0.2614330167095481,0.37876266713349915,0.3598043161569528
men,0.2718890226038904,0.2291847383166203,0.49892623907948924
......,0.530086762733473,0.08776990695015859,0.3821433303163684
excuse,0.4241720681995687,0.27312803510931005,0.3026998966911213
ahhh,0.21579773942704675,0.43770515188067316,0.3464971086922802
etc,0.39287765046802914,0.19515391016308273,0.41196843936888805
sister,0.2935830556786117,0.35506765412270114,0.3513492901986873
tired,0.2995520480043628,0.23755203942057826,0.462895912575059
aww,0.36282101912145753,0.3692392002689169,0.2679397806096255
annoying,0.40913436994485197,0.1227344380342489,0.4681311920208991
hat,0.18582582460814534,0.41117755239148546,0.4029966230003692
pic,0.25248381082558347,0.3376588694465567,0.4098573197278598
smile,0.2599474093117847,0.4447588630566345,0.29529372763158096
despite,0.322446164517048,0.22998555989195368,0.44756827559099827
fantastic,0.06059891928958103,0.772599251398538,0.16680182931188092
sry,0.2167293344171209,0.3066080800710124,0.47666258551186674
calls,0.3423646511108067,0.34350955937298183,0.3141257895162114
asleep,0.25751476066421203,0.2282407981596848,0.5142444411761031
actually,0.2894124599902316,0.4590222003984076,0.2515653396113608
definitely,0.43603406291842517,0.23137830784800759,0.3325876292335672
interested,0.3544217334562509,0.26957920021109205,0.37599906633265706
hahah,0.2037800697468926,0.4222760952852063,0.37394383496790107
usual,0.14018997469467162,0.7311831757157407,0.12862684958958776
decided,0.2694140787453247,0.3122604675208703,0.4183254537338051
sweetie,0.17629701915465903,0.4597526128935874,0.3639503679517535
3rd,0.3363553494827983,0.22277015614620693,0.44087449437099474
episode,0.24737930991136733,0.34406566721823634,0.4085550228703962
jonas,0.3315458257156058,0.2882050235403984,0.38024915074399573
moment,0.05709083661829604,0.6286178823979259,0.31429128098377795
bye,0.29333460754964485,0.3836975922758995,0.3229678001744557
history,0.33227207354214844,0.24507325289726464,0.4226546735605869
hahaha,0.2581769040982682,0.1496180918834316,0.5922050040183002
ugly,0.5455483614716622,0.07903873620939261,0.37541290231894525
something,0.20630178284120165,0.4782221586963047,0.3154760584624937
read,0.3315458257156058,0.2882050235403984,0.38024915074399573
needs,0.3462370221962826,0.2407805893312204,0.412982388472497
tickets,0.0734632870879665,0.5108793232753005,0.41565738963673293
anyway,0.6354121033136251,0.09502776154600037,0.2695601351403744
wen,0.3624721218674282,0.28744918406118813,0.35007869407138364
dammit,0.36888143248909383,0.2443123751157539,0.38680619239515224
holiday,0.15487138891263605,0.4188366692252758,0.42629194186208813
official,0.29706377847531673,0.26119875490017136,0.4417374666245119
title,0.2781105812960902,0.402925027816151,0.31896439088775885
cheers,0.3346209217778715,0.15969779826141717,0.5056812799607113
august,0.20101334451154207,0.4301198618921418,0.36886679359631613
2nd,0.03332001636348382,0.8978936123535739,0.06878637128294239
shopping,0.2798026767854771,0.3351112616038256,0.38508606161069725
revision,0.24811862065710003,0.4673146996539117,0.28456667968898824
ooh,0.12658632333736952,0.5685323895404405,0.30488128712219
sucked,0.3132912844647781,0.38328879900386886,0.30341991653135303
car,0.19936852945912215,0.3770174200056509,0.4236140505352269
air,0.27792454111597364,0.3650743144346179,0.35700114444940834
family,0.3191944012860007,0.33912782380615963,0.3416777749078397
impressed,0.40773193979144007,0.11341818518354697,0.478849875025013
means,0.6576929203310441,0.03387952927646445,0.30842755039249153
camp,0.8524813901232986,0.08233801250984862,0.06518059736685287
bff,0.4262633315704885,0.20268894833856854,0.3710477200909429
min,0.5957269691202517,0.14536182624909572,0.25891120463065254
impossible,0.4481392257248075,0.3462728322413815,0.20558794203381095
giving,0.20675905694086247,0.5192223318516465,0.2740186112074912
theme,0.11784968105235226,0.7740210947865283,0.10812922416111942
thinking,0.09993513360312564,0.5791418118533307,0.3209230545435436
relaxing,0.24836688861650497,0.4477915992288856,0.30384151215460936
email,0.12177735440141174,0.7292453978115664,0.14897724778702182
dang,0.47223335534045513,0.15638148533745924,0.37138515932208566
shot,0.4481392257248075,0.3462728322413815,0.20558794203381095
cry,0.4433459579678,0.1868558840431973,0.3697981579890027
scary,0.21067553370103992,0.38661898509108855,0.40270548120787153
hurry,0.2852966888078507,0.28933535364467833,0.425367957547471
mmm,0.5723879745821211,0.1998246845443438,0.2277873408735352
safe,0.36678196020754184,0.2125566468278262,0.4206613929646319
posted,0.11920803453453786,0.5526653509623957,0.32812661450306646
short,0.16934660704293494,0.36451762397515086,0.46613576898191417
story,0.45553590575038383,0.2309922399360656,0.3134718543135505
news,0.14260414163971571,0.6611330209053194,0.19626283745496484
hangover,0.32040146882143433,0.11426358770225961,0.5653349434763062
record,0.23677317899011927,0.2744285076421248,0.48879831336775587
center,0.4193981576813164,0.3240648877862505,0.25653695453243314
anymore,0.4091063023190084,0.21553123022104426,0.3753624674599473
movies,0.14510291272729742,0.5886279682285638,0.2662691190441388
shows,0.20753815376515333,0.431320414067644,0.3611414321672028
warm,0.2594962560093202,0.4374768864006926,0.30302685758998715
sore,0.4996192445687507,0.2014178835054914,0.298962871925758
red,0.5411836686141603,0.34847280885145254,0.11034352253438705
using,0.40438104741450814,0.4101054724812584,0.18551348010423338
certain,0.5719129166209002,0.16571683591754938,0.2623702474615504
tour,0.33435425768275123,0.3972166478475349,0.26842909446971397
project,0.2928640106148668,0.1697198849082463,0.537416104476887
self,0.3986299719312705,0.29127742995181505,0.3100925981169144
lie,0.5367088107482002,0.1555161342600323,0.30777505499176744
loving,0.2924481838626325,0.30506203068329374,0.4024897854540737
lost,0.214759207720597,0.391149840060889,0.39409095221851403
cookies,0.1645631577472144,0.4768363332585087,0.358600508994277
break,0.018910661945424664,0.8422823299219956,0.13880700813257976
cute,0.21257850486283295,0.5807670534363681,0.20665444170079889
reminds,0.2685890856653122,0.5534298156383695,0.17798109869631845
save,0.4677803356238393,0.27470148876210365,0.25751817561405715
order,0.49061049733466433,0.28431747884487185,0.22507202382046385
goes,0.09139641126096468,0.6809893746005509,0.22761421413848448
bbq,0.2334359314788159,0.338200649346215,0.42836341917496906
nobody,0.41803587231776235,0.3174430861515708,0.26452104153066686
reply,0.23507248085165083,0.35259184945196675,0.4123356696963824
alarm,0.30811382189406483,0.26783613125104494,0.4240500468548902
hearing,0.438067892333876,0.2856016214724009,0.2763304861937229
lots,0.46491223066705173,0.1796165852212151,0.3554711841117332
dad,0.3910198052662329,0.33990436145072583,0.2690758332830412
boyfriend,0.3028571003917731,0.2340147434035841,0.46312815620464287
jimmy,0.47523760912213675,0.2648159785142244,0.25994641236363897
apartment,0.23134836001905731,0.4290255202470029,0.33962611973393975
windows,0.36708150668656697,0.28364031909549203,0.3492781742179409
whats,0.23277973924556342,0.35073996024310405,0.41648030051133267
throat,0.3677587320323774,0.22733088364025564,0.404910384327367
contact,0.4372590897969784,0.2618460389890227,0.30089487121399894
cake,0.2724903554588162,0.4060619759319474,0.32144766860923624
dvd,0.22855315802788903,0.4182650715183482,0.3531817704537627
system,0.3577307772375824,0.18509939810042825,0.45716982466198924
quote,0.6699809488260811,0.2070751118227164,0.12294393935120254
half,0.21031699609474316,0.5484709211428164,0.2412120827624404
messed,0.17346697610432216,0.40210874880797054,0.42442427508770725
2moro,0.42426576612754563,0.23405920438175276,0.3416750294907016
shes,0.22786962162159694,0.388827093303832,0.383303285074571
florida,0.3515251670250564,0.32594410362454307,0.3225307293504006
door,0.11061052366565571,0.7371587277923597,0.15223074854198468
meeting,0.37039284526130734,0.08585968748649762,0.543747467252195
request,0.21085251073701403,0.53764817544833,0.25149931381465596
boss,0.7291447163222998,0.0650080440857507,0.20584723959194953
anyone,0.6103090839824609,0.07859665141320209,0.3110942646043371
goin,0.0923572027437446,0.6957942672221348,0.2118485300341206
energy,0.3304225971184594,0.30348685140223336,0.36609055147930714
hoo,0.42157340506663116,0.3736494568587896,0.20477713807457928
oops,0.22950284366989493,0.38304278105096207,0.387454375279143
upload,0.04614832410919642,0.7844839716185588,0.16936770427224476
doubt,0.19249122688564002,0.44033714888634545,0.3671716242280145
dancing,0.4817344560112007,0.24815436051369,0.27011118347510926
greg,0.11587198737005192,0.6714987040997887,0.21262930853015932
rest,0.38271074468066124,0.26614519170442774,0.351144063614911
enjoying,0.27706156514234315,0.3211241753449512,0.4018142595127057
hanging,0.3956421080645251,0.24134906740176634,0.36300882453370853
alex,0.42782443685269067,0.23415785263633515,0.3380177105109742
sun,0.560456425999119,0.23385199137376286,0.2056915826271181
congratulations,0.24160587919374182,0.4049079229500825,0.3534861978561756
school,0.3420986212094777,0.23323789927997682,0.4246634795105454
nite,0.2573703872108899,0.44745210315718076,0.29517750963192935
horse,0.17682481950546997,0.36890322108400037,0.45427195941052967
anytime,0.4777481535677306,0.28315587544589305,0.2390959709863764
starts,0.2805584605657613,0.48776580164922384,0.23167573778501488
rude,0.3661857252854559,0.15636608703780688,0.47744818767673725
met,0.2332156684148524,0.42798327573167555,0.33880105585347214
toast,0.2255767170649822,0.2852197215011091,0.4892035614339088
club,0.33081001195187976,0.2982159681550541,0.3709740198930661
wake,0.3433657217401982,0.2785811302452849,0.3780531480145169
father,0.24639788452385136,0.3617395845438218,0.39186253093232687
first,0.2937514354098355,0.34046832661150883,0.36578023797865566
screen,0.25886631554031175,0.3000352360666142,0.4410984483930741
name,0.34634153523298916,0.3358838117929575,0.3177746529740534
problems,0.4192019310139684,0.3685909571156084,0.21220711187042315
mind,0.28518895264106325,0.4018379322464381,0.3129731151124987
staying,0.1411465875347741,0.5998442939535721,0.25900911851165376
children,0.25211110435707196,0.4174367240641273,0.3304521715788008
card,0.08725849592791403,0.7686312435485274,0.1441102605235586
gave,0.36906547069548956,0.4277599632576126,0.2031745660468978
crying,0.8213035889190178,0.062763954285114,0.11593245679586814
babies,0.47838474791141083,0.1750941728611225,0.3465210792274668
daughter,0.3218831447856995,0.2720331067691803,0.4060837484451202
hubby,0.520565974703703,0.17238697652269244,0.30704704877360456
doctor,0.3485658637494911,0.36360017291898417,0.28783396333152467
stopped,0.3334839764884758,0.26183595979279883,0.4046800637187254
link,0.7341133126403588,0.12155190748219805,0.14433477987744306
pack,0.1401194174716762,0.424747280187697,0.4351333023406268
sooooo,0.3113563683910353,0.28869845440049324,0.39994517720847145
tweets,0.32974554892234176,0.3126982746276765,0.3575561764499818
month,0.3607598092681225,0.25731286599520675,0.3819273247366707
fav,0.28617501442061255,0.30284463949557994,0.4109803460838075
chinese,0.43317949572388126,0.20758679627673454,0.3592337079993842
terrible,0.3012778966614132,0.40880986770953615,0.28991223562905055
reason,0.5579469093073878,0.20208757691357865,0.2399655137790336
fast,0.11955179285483947,0.6062208504601204,0.27422735668504017
blog,0.6761848581775618,0.06531018501593525,0.25850495680650293
guess,0.33393702200870806,0.21111537053887516,0.45494760745241686
finals,0.40047481927198425,0.23208225583195508,0.3674429248960606
eating,0.4070363529265263,0.15725652058811565,0.4357071264853581
yummy,0.2573703872108899,0.44745210315718076,0.29517750963192935
date,0.21579773942704675,0.43770515188067316,0.3464971086922802
dogs,0.49386150282957275,0.2544013281336742,0.2517371690367531
blessed,0.07812802456422822,0.7546095830911643,0.16726239234460735
point,0.4195656727126716,0.2860538161993115,0.294380511088017
usb,0.38271074468066124,0.26614519170442774,0.351144063614911
store,0.07912387419729815,0.5869271999794238,0.3339489258232781
several,0.3486386749624272,0.3914569396931198,0.25990438534445304
gotten,0.39287765046802914,0.19515391016308273,0.41196843936888805
couldnt,0.3626013270520435,0.5043213499588087,0.13307732298914762
brought,0.2441395366277762,0.28296637726858587,0.472894086103638
expected,0.36678196020754184,0.2125566468278262,0.4206613929646319
must,0.24936494876714724,0.3693069304947224,0.3813281207381304
asap,0.7509175589341521,0.05707147996792496,0.1920109610979229
ily,0.2672884619649114,0.4009135088885839,0.3317980291465047
brings,0.36516382005167297,0.26933315299849575,0.3655030269498313
high,0.2844494241767517,0.3596585082026553,0.35589206762059306
twit,0.25441539560314363,0.5121538551953241,0.2334307492015321
interesting,0.20630178284120165,0.4782221586963047,0.3154760584624937
born,0.34110562306505465,0.15814140349061492,0.5007529734443303
swimming,0.4481392257248075,0.3462728322413815,0.20558794203381095
counting,0.32001463597865726,0.4450899684660259,0.23489539555531677
dunno,0.3722782879751268,0.14382791079114385,0.48389380123372944
update,0.1508103073850364,0.4894245782140202,0.3597651144009434
laying,0.2815796316710653,0.24477058095693657,0.47364978737199814
dying,0.4530431568024475,0.27799045322653315,0.2689663899710195
room,0.07536185476348521,0.7042356802479627,0.220402464988552
peace,0.4265111986418755,0.3586399830785421,0.2148488182795824
yum,0.11897849883010897,0.7354682545201547,0.14555324664973626
twittering,0.42660001196482594,0.24722226804351277,0.32617771999166123
message,0.3572319305701175,0.23002470598562824,0.4127433634442543
cancelled,0.6849142700653817,0.08356209663278923,0.23152363330182904
top,0.4764954038263002,0.414206297968741,0.1092982982049588
senior,0.8846533007278228,0.03417815116488165,0.08116854810729557
quit,0.3439345894278082,0.3526363370586736,0.30342907351351833
gear,0.39361602816113495,0.2712629311339434,0.33512104070492166
weird,0.06840713957028938,0.5550040977228727,0.3765887627068379
cooking,0.2154620009040406,0.34961933551523294,0.43491866358072645
gas,0.13831907449753078,0.4809501315313417,0.3807307939711277
area,0.21412312547742512,0.5239277290678915,0.26194914545468345
race,0.3453403975373671,0.22993760821897402,0.4247219942436589
celebrate,0.4468879889333956,0.24938767656914376,0.30372433449746067
release,0.37526165453445925,0.3891582378686042,0.23558010759693657
team,0.3876233200532652,0.25672523914650314,0.35565144080023164
headed,0.28532878451118554,0.3307061756518195,0.383965039836995
type,0.20639230886000984,0.059804000553234773,0.7338036905867553
sharing,0.5686796911956151,0.1550870401859153,0.27623326861846953
park,0.5831863058256588,0.20278008041409717,0.21403361376024405
band,0.24737930991136733,0.34406566721823634,0.4085550228703962
released,0.4018865034246734,0.2964186295881975,0.301694866987129
ocean,0.6699809488260811,0.2070751118227164,0.12294393935120254
set,0.19451583934732547,0.2254507530477911,0.5800334076048834
win,0.45975286482395505,0.1184155261691234,0.4218316090069215
fail,0.34298938709768134,0.13251228600549067,0.5244983268968281
gym,0.4025033881685014,0.3245326573385541,0.27296395449294447
dream,0.3624259994708559,0.21003229037534493,0.42754171015379916
earlier,0.18372673154908836,0.4791280379731808,0.33714523047773076
comment,0.4947600433042897,0.13986449477137627,0.365375461924334
favorite,0.04785474598139092,0.7765148574256278,0.17563039659298132
social,0.6842489635921518,0.1762375120500179,0.13951352435783024
group,0.2698008683008732,0.35349687080416364,0.37670226089496306
asking,0.3422319410221529,0.21816242314064213,0.4396056358372049
sky,0.17629701915465903,0.4597526128935874,0.3639503679517535
number,0.20112754965597246,0.29139244958626215,0.5074800007577653
kelly,0.26849678560512874,0.25933107687912954,0.4721721375157416
lmfao,0.20360005743200515,0.23597968382748172,0.5604202587405132
sugar,0.25755605892638656,0.37888645664453285,0.36355748442908054
woot,0.388851556898428,0.28680446998557396,0.32434397311599805
interview,0.6503445443259809,0.1507544760887165,0.19890097958530267
folks,0.35780067239216073,0.3686254779615786,0.27357384964626075
seriously,0.22828877077778284,0.35279303702224624,0.41891819219997095
catching,0.08674680410080689,0.7540696573080271,0.15918353859116596
chicago,0.31276701813933,0.2977744787310948,0.38945850312957525
prom,0.05005242792303184,0.8121755352661033,0.13777203681086475
knee,0.2675522809391719,0.26875556748393853,0.46369215157688953
running,0.7734374190682112,0.039404016953654794,0.18715856397813407
starting,0.5070854202308893,0.13271322068820887,0.3602013590809018
ima,0.07368005077257779,0.768580116062152,0.15773983316527024
supposed,0.13428401619623076,0.31127986980704736,0.554436113996722
cousin,0.15682671038675056,0.36353543313835956,0.4796378564748899
sign,0.35759712327958226,0.24868064524190372,0.39372223147851404
page,0.32568147351416865,0.18873818631904934,0.48558034016678203
loss,0.0770636458464433,0.3572779892266971,0.5656583649268595
present,0.7977463532022099,0.09246163020658929,0.1097920165912009
thru,0.34110202389175187,0.34593067001245814,0.31296730609578993
added,0.2781105812960902,0.402925027816151,0.31896439088775885
collection,0.2999294816170407,0.424879768092422,0.2751907502905373
code,0.3603968680529468,0.2923989218557364,0.34720421009131675
text,0.35979646110694224,0.2085084262872029,0.43169511260585475
side,0.189905603319158,0.4035300977883815,0.40656429889246043
country,0.5004945055746599,0.19336362453686637,0.3061418698884737
sort,0.4004748192719843,0.23208225583195508,0.3674429248960607
confused,0.14561583579853374,0.25316087327348796,0.6012232909279783
trailer,0.1223772340331262,0.7091977615100431,0.16842500445683073
taken,0.11696306116687812,0.6326335587932528,0.2504033800398692
entire,0.10215288181789663,0.7103928670011459,0.18745425118095746
full,0.25849679389450325,0.3145872947492415,0.4269159113562551
atm,0.2137932018768719,0.38408054433058175,0.4021262537925464
blue,0.3276130701747025,0.22150051095629347,0.45088641886900394
shower,0.1502579657825956,0.42163674743348417,0.42810528678392024
sat,0.31323834516205135,0.3993597803700881,0.28740187446786053
son,0.432892231818597,0.2882321475007031,0.27887562068069993
paper,0.2393732959529432,0.277442135371609,0.4831845686754477
raining,0.4366603482277217,0.5061048224369403,0.05723482933533798
canada,0.34681817067824194,0.1758638673356174,0.4773179619861408
heart,0.20435112417499965,0.4440941190123877,0.35155475681261256
managed,0.1178525452679314,0.3414881940772316,0.540659260654837
stick,0.2958173094212693,0.16134717544581617,0.5428355151329144
darn,0.31730800783946145,0.26131113646329446,0.4213808556972441
justin,0.38271074468066124,0.26614519170442774,0.351144063614911
timberlake,0.25281391200643294,0.46883245731806883,0.27835363067549823
wide,0.3399795433049928,0.4728580108404955,0.1871624458545116
black,0.23040603642417773,0.31155689098823103,0.45803707258759124
photo,0.09781163426167429,0.4534686054384353,0.44871976029989036
till,0.11920803453453786,0.5526653509623957,0.32812661450306646
fancy,0.33762524224256346,0.3913196239798938,0.27105513377754276
fave,0.21726867318416415,0.503644188025223,0.2790871387906127
cousins,0.34110562306505465,0.15814140349061492,0.5007529734443303
writing,0.2632136738407254,0.3486559753634239,0.3881303507958506
quiet,0.6220981666370848,0.22769489286876768,0.15020694049414748
either,0.3215871167875564,0.27464379751363094,0.4037690856988126
peeps,0.18091799247464121,0.44559202881803517,0.37348997870732364
bath,0.1381335468126242,0.6083863739186401,0.25348007926873556
blogging,0.3058387613959179,0.25319854707415435,0.4409626915299278
liking,0.45503591739474936,0.21096110339324772,0.3340029792120028
wild,0.12664321069838683,0.733919852392061,0.13943693690955222
delicious,0.07677638614183577,0.7118924250094646,0.21133118884869956
bunch,0.11920803453453786,0.5526653509623957,0.32812661450306646
talkin,0.4688583920039923,0.22642645689068136,0.30471515110532627
hugs,0.3579499812282788,0.2667064608903678,0.3753435578813534
worst,0.48487255686277486,0.0702480601603663,0.4448793829768589
load,0.6415197069506019,0.10622058301436589,0.2522597100350321
pretty,0.2914883389188992,0.2627685803211196,0.44574308075998115
mac,0.3474651461477669,0.15661505277184049,0.4959198010803925
profile,0.2258002579286656,0.29078944795684003,0.48341029411449427
steve,0.21700955679614203,0.41321433467674984,0.36977610852710807
ticket,0.22828877077778284,0.35279303702224624,0.41891819219997095
share,0.08071752153064181,0.5613268124887447,0.3579556659806134
within,0.29124519881881816,0.3838957559711543,0.32485904521002773
cloudy,0.3578570563764515,0.2619593771010201,0.3801835665225284
floor,0.47223335534045513,0.15638148533745924,0.37138515932208566
deal,0.27208159973402235,0.37842266268683555,0.3494957375791421
ill,0.21787895438573965,0.44894121165979073,0.33317983395446954
slowly,0.36276505462790326,0.2627859735603853,0.37444897181171144
close,0.40372892781551756,0.19497339117428636,0.40129768101019603
swear,0.2781105812960902,0.402925027816151,0.31896439088775885
needed,0.22019503520083558,0.5104277026486361,0.26937726215052826
loads,0.14764269306540082,0.5444826384342587,0.30787466850034045
hunting,0.4996192445687507,0.2014178835054914,0.298962871925758
2009,0.25706467334798,0.3437850795007571,0.39915024715126285
recommend,0.3450369312590982,0.3383854136227161,0.3165776551181858
ache,0.2408775488408709,0.3825876984554779,0.37653475270365117
state,0.18340162395436987,0.44639486519875,0.3702035108468801
list,0.3555152840768226,0.4437513409929432,0.2007333749302341
lucky,0.11292356924886635,0.6107846252725897,0.276291805478544
baseball,0.17060550924293746,0.7250387205514753,0.10435577020558713
fridays,0.11533404848180395,0.6906606279940384,0.1940053235241576
forever,0.22966940029908758,0.38719269283311136,0.383137906867801
honestly,0.239433556632971,0.3700159728478618,0.3905504705191672
choose,0.2325629429069795,0.2695486947763049,0.4978883623167156
works,0.17793726803108542,0.5499616032295651,0.27210112873934944
drunk,0.49798635437488586,0.21644393904769285,0.2855697065774213
turn,0.2011275496559725,0.29139244958626215,0.5074800007577654
brain,0.2395089251627269,0.48579883525873896,0.27469223957853417
slightly,0.3640942113000377,0.2461655568142666,0.3897402318856957
shirt,0.3825076772568448,0.31667139797485244,0.30082092476830274
.......,0.16026337670308163,0.6191697821786045,0.2205668411183139
business,0.2186466440779118,0.3801288166876629,0.40122453923442536
cards,0.8734587908966894,0.037495174119499625,0.08904603498381092
everybody,0.4737785488617315,0.09152102212444302,0.4347004290138255
havent,0.23700021643671176,0.18312776806053568,0.5798720155027526
else,0.10538373245010216,0.6805136830749429,0.21410258447495487
cookie,0.32947677383817026,0.10910721721438141,0.5614160089474485
heh,0.22216418391669635,0.472076301562906,0.30575951452039757
crush,0.23019145145882036,0.40020007818403414,0.3696084703571455
clear,0.3011539238113862,0.42253187793179897,0.2763141982568148
single,0.8130362025220524,0.04487322759170692,0.1420905698862407
sam,0.24445821143658647,0.3966700257358414,0.358871762827572
price,0.1391643447059204,0.4545626061822439,0.4062730491118358
prefer,0.09666980917744628,0.5041968102508428,0.3991333805717109
practice,0.286379968042434,0.3983094415525716,0.3153105904049944
session,0.3005904331232571,0.3483949673917997,0.3510145994849431
germany,0.09054060987772318,0.5771687699447391,0.3322906201775378
alot,0.32301303903096606,0.26206849373653185,0.4149184672325021
tips,0.5086931516780439,0.11791867901439988,0.3733881693075563
nap,0.07897295859167171,0.5949609799911131,0.32606606141721517
nails,0.3302237083260194,0.30619278703941233,0.3635835046345683
french,0.21338994884389473,0.3297686866777151,0.45684136447839024
tree,0.3355764704813176,0.23336701492995354,0.4310565145887289
often,0.3790267590054602,0.26032915527052536,0.3606440857240144
chips,0.3217145991131848,0.3183110209903032,0.359974379896512
soup,0.3723448181741543,0.296698079722332,0.3309571021035136
fingers,0.4070363529265263,0.15725652058811565,0.4357071264853581
haircut,0.2110075902131646,0.4017858120579654,0.38720659772887
row,0.1698622920949651,0.3937528357148699,0.43638487219016503
lay,0.19166526860707753,0.22214684051212685,0.5861878908807956
memory,0.20699287284402004,0.1599413847728956,0.6330657423830844
hrs,0.3024864538634805,0.3505925226403177,0.3469210234962018
saturday,0.1430995208939217,0.3317148346845551,0.5251856444215233
goodness,0.15487138891263605,0.4188366692252758,0.42629194186208813
orange,0.19431921765025392,0.3217469450442743,0.48393383730547174
media,0.16364259789357166,0.4109464055684098,0.4254109965380185
badly,0.0495140380124608,0.7460508281455615,0.20443513384197773
sis,0.3355764704813176,0.23336701492995354,0.4310565145887289
ups,0.7840283499914972,0.06399413028630992,0.15197751972219278
truck,0.4372630327348474,0.10136067102896086,0.46137629623619175
gives,0.2707693450088801,0.2896904023035096,0.4395402526876103
closing,0.5630992769665052,0.19579560686482084,0.24110511616867397
hates,0.2196416590411748,0.2909399642732115,0.4894183766856136
rocks,0.35574944881714116,0.48104725884957195,0.1632032923332869
invite,0.2031983355117174,0.42392533298675933,0.3728763315015232
hero,0.6143308269515946,0.12946021916068295,0.25620895388772247
tokyo,0.22937214712220455,0.3797863562195065,0.390841496658289
web,0.11619883680070399,0.4040357126889621,0.4797654505103338
besides,0.1671198764613447,0.46487486621822455,0.3680052573204307
shooting,0.09133851073332025,0.7410520021058511,0.16760948716082866
gud,0.19166526860707753,0.22214684051212685,0.5861878908807956
joe,0.2944205414090139,0.46921028575188206,0.23636917283910397
neck,0.07565552986555989,0.4384372048479828,0.4859072652864574
traffic,0.22734917705202706,0.3293821941644868,0.4432686287834863
heading,0.0770636458464433,0.3572779892266971,0.5656583649268595
mike,0.1769247892285091,0.444301221841336,0.37877398893015485
eggs,0.2704587669679569,0.2686896841742232,0.4608515488578198
random,0.35847015683428496,0.29327973099334825,0.3482501121723668
talent,0.3250390283411447,0.3767317559090129,0.2982292157498424
caught,0.22192684103343285,0.4115537210780285,0.3665194378885386
clouds,0.16851277163399164,0.3676466368094889,0.46384059155651947
failed,0.16262657093756594,0.2591736957458359,0.5781997333165981
ring,0.47108105844785864,0.20474986715088406,0.3241690744012573
earth,0.26605485491960584,0.15418350401414418,0.5797616410662499
shift,0.2940509873216989,0.24343965563996195,0.4625093570383392
shoes,0.32560996533197906,0.2096630511778343,0.4647269834901866
slow,0.551414422353578,0.09832444033520274,0.3502611373112194
marathon,0.43146667573384473,0.28576295537713464,0.2827703688890207
hav,0.08766513370766352,0.711248982793434,0.20108588349890258
yeh,0.23881819675199448,0.4982377602967551,0.26294404295125046
scared,0.0619400335747412,0.8471301960242651,0.09092977040099366
headaches,0.36888143248909383,0.2443123751157539,0.38680619239515224
questions,0.09993513360312564,0.5791418118533307,0.3209230545435436
accident,0.46111356806407056,0.28503838456047187,0.2538480473754576
pls,0.5349731212030816,0.238481850511614,0.22654502828530446
thanx,0.35972476820980887,0.35737179254163526,0.282903439248556
report,0.40017555841327346,0.3032653915864111,0.2965590500003154
series,0.7384801517984629,0.03566352807318306,0.22585632012835405
played,0.4469340268159656,0.1942546425392039,0.3588113306448305
spam,0.28046538654516007,0.3657029906365824,0.3538316228182575
chillin,0.5719129166209002,0.16571683591754938,0.2623702474615504
waste,0.28544259873776034,0.3040133803445337,0.410544020917706
total,0.9260395827014886,0.04128125780095392,0.03267915949755754
walk,0.14115069611462328,0.08179933017033066,0.777049973715046
shame,0.24965097177097442,0.3903986937693588,0.35995033445966684
awards,0.06059891928958103,0.772599251398538,0.16680182931188092
somehow,0.41224389526301186,0.22752632758597452,0.36022977715101373
remembered,0.3302282060286231,0.06379103279933646,0.6059807611720405
im,0.25421407639155835,0.22098234448463788,0.5248035791238037
cheese,0.33831845748895223,0.1960615425118596,0.46561999999918824
balls,0.31100676053508014,0.22529241256411323,0.46370082690080655
migraine,0.28031040033228877,0.1624448452477946,0.5572447544199167
kept,0.8727517439639678,0.019452888630151842,0.1077953674058803
turns,0.3315458257156058,0.2882050235403984,0.38024915074399573
itunes,0.3067430787770692,0.35552610180503036,0.33773081941790045
paying,0.20613411204465157,0.17918755721348706,0.6146783307418614
lets,0.28250770784843965,0.44650424699658153,0.2709880451549788
tweeps,0.16151477456980243,0.46800337285240806,0.37048185257778954
tweeting,0.522819960313314,0.14139226897851687,0.3357877707081691
bday,0.331401421039904,0.12803533152750038,0.5405632474325958
slept,0.2795624672371957,0.32402280952546403,0.39641472323734034
hello,0.07172388797060918,0.665044229148492,0.2632318828808987
gray,0.38000015903536527,0.3460550143749206,0.273944826589714
falling,0.5307584171503998,0.09464120306604548,0.37460037978355454
dave,0.32001463597865726,0.4450899684660259,0.23489539555531677
tons,0.313954538765651,0.1819422197826821,0.504103241451667
fixed,0.8292746171162375,0.05058729881914371,0.12013808406461887
kno,0.05821417983910349,0.6747229802376441,0.26706283992325236
hmmm,0.4544658443950452,0.1881221513101348,0.35741200429482006
huge,0.31471215492666155,0.2652818498560984,0.42000599521723997
christmas,0.14583489202780622,0.3380556189010866,0.5161094890711071
hulu,0.3250390283411447,0.3767317559090129,0.2982292157498424
finding,0.2948439502292472,0.3193257644401852,0.3858302853305677
uncle,0.2677732776971104,0.2715638808246699,0.4606628414782196
mark,0.3993725771380625,0.18184845405498773,0.4187789688069498
feelin,0.23418701708261813,0.5816379735352326,0.18417500938214923
wine,0.14138675349375476,0.696457101646297,0.1621561448599482
round,0.3288268068030386,0.22867315524985776,0.44250003794710363
garden,0.23295741894011202,0.4172818554724704,0.3497607255874176
topic,0.30876946739147887,0.30674979260660745,0.3844807400019137
bummed,0.24672248615323947,0.47660017888268935,0.27667733496407104
original,0.2944804955431341,0.360275184991562,0.345244319465304
midnight,0.214759207720597,0.391149840060889,0.39409095221851403
review,0.5279433470133095,0.1862319729112119,0.28582468007547857
copy,0.1374022262962768,0.35832161462521134,0.5042761590785118
painful,0.661101732917082,0.05894156487262124,0.2799567022102968
worse,0.6091666866463495,0.15129552508077648,0.23953778827287395
deleted,0.3659673350915494,0.42416911426919013,0.2098635506392605
puppy,0.1338476986015938,0.6205369093785937,0.24561539201981245
dressed,0.26143301670954805,0.3787626671334991,0.35980431615695274
spring,0.392876045540275,0.2678572138504123,0.3392667406093127
inside,0.052796152930773936,0.8261002724961142,0.12110357457311187
filled,0.31611054077674855,0.21982999339362239,0.46405946582962904
bright,0.2669057911823182,0.5800373874768098,0.15305682134087206
comments,0.26015587571170906,0.36853652246632557,0.3713076018219655
hilarious,0.4235597978497087,0.22314582734425623,0.3532943748060351
b/c,0.22766329583802167,0.19790237260463656,0.5744343315573417
passed,0.08103238245274894,0.782661697650933,0.13630591989631805
death,0.2751363238996957,0.24802769638757322,0.47683597971273106
rite,0.03637884172833771,0.7800407918878249,0.1835803663838375
flash,0.2177280181057885,0.30282538927169206,0.4794465926225194
married,0.14638542692441722,0.5514141714614287,0.302200401614154
cali,0.25343209088815444,0.5140393598568582,0.23252854925498728
laundry,0.30955353235836724,0.24666366802783002,0.4437827996138027
complete,0.19871437335568837,0.3454755041911901,0.4558101224531216
winter,0.43404646239065275,0.45734112372193075,0.10861241388741659
boys,0.3829954015694411,0.19531830865010694,0.4216862897804519
posting,0.37452032841741706,0.2532146964214202,0.37226497516116275
yard,0.2314408895047325,0.33136541748670106,0.43719369300856664
bedtime,0.3603968680529468,0.2923989218557364,0.34720421009131675
depressed,0.20360005743200515,0.23597968382748166,0.5604202587405132
woop,0.08866668532895518,0.5994790163497267,0.31185429832131817
p.s,0.038331869080561826,0.7330619185177615,0.22860621240167664
charge,0.3609177694524761,0.4183164886952874,0.22076574185223646
doctors,0.10877193828280769,0.5252938843483108,0.3659341773688815
bar,0.3348979044125322,0.24259908922222528,0.4225030063652424
fault,0.7059609069135749,0.051139607261549806,0.24289948582487528
radio,0.438130954472441,0.3385395381366492,0.2233295073909097
gah,0.5349761479080859,0.13779029319746397,0.32723355889445005
schools,0.04219823356650694,0.8803664740207942,0.07743529241269893
daily,0.1381644335233944,0.5871707458454667,0.27466482063113884
nearly,0.25979380926127804,0.32848389181880133,0.4117222989199206
kick,0.26309563651536677,0.2541143074989082,0.482790055985725
bottle,0.34550186791217674,0.23662890274842954,0.4178692293393938
women,0.2201968532024563,0.36348939537194386,0.4163137514255999
tweetdeck,0.2692542900260621,0.18724516003860966,0.5435005499353283
washing,0.3406887516025795,0.21937241106898267,0.43993883732843786
arm,0.7118841744775424,0.03929042825051657,0.24882539727194103
window,0.3355764704813176,0.23336701492995354,0.4310565145887289
screaming,0.23882054913172038,0.3229350625805611,0.4382443882877185
ahh,0.26421344886659104,0.331752149233093,0.4040344019003159
brothers,0.2823756714551197,0.4909251194057663,0.22669920913911404
mail,0.7089818673078219,0.05869536545496139,0.2323227672372169
grandma,0.49763009770909666,0.21972225651664481,0.2826476457742585
fire,0.22546447718080143,0.3325907726546933,0.4419447501645053
alright,0.32347833011798854,0.2884021933418224,0.388119476540189
4am,0.21749956645093926,0.28360092093025935,0.49889951261880144
respond,0.29706095458311826,0.4303802208124687,0.27255882460441305
ok.,0.21813534156199674,0.3371021245125181,0.4447625339254852
america,0.4189918918157804,0.4162512472626938,0.1647568609215258
twice,0.21806791927412583,0.6318711214068617,0.1500609593190125
alcohol,0.1178525452679314,0.3414881940772316,0.540659260654837
words,0.1711455503863719,0.42506519937090836,0.40378925024271983
picked,0.17973893748849,0.572890449940135,0.24737061257137502
x-men,0.10215288181789663,0.7103928670011459,0.18745425118095746
reality,0.24498417804307834,0.38719819992269044,0.3678176220342312
asked,0.46526229274415015,0.10785109800401739,0.42688660925183236
britains,0.4486815713966327,0.23112793165374107,0.32019049694962626
brazil,0.3291184975097582,0.3212294781351073,0.3496520243551345
power,0.29182665309251804,0.5073561535133874,0.20081719339409457
grrr,0.4573305832815984,0.3028927757644831,0.23977664095391849
suggestions,0.5819609709981216,0.08431417435990557,0.3337248546419729
nooo,0.4433435013506429,0.28547268545134713,0.27118381319800994
cavs,0.07912464885334371,0.4126872278277088,0.5081881233189476
challenge,0.20088234944092007,0.40745208687373363,0.3916655636853463
butter,0.42660001196482594,0.24722226804351277,0.32617771999166123
mary,0.18892297314757972,0.4817305303030442,0.32934649654937603
aha,0.29039707193361913,0.3365805004362911,0.37302242763008975
west,0.7866751833961585,0.04675817557985591,0.16656664102398572
chatting,0.2781105812960902,0.402925027816151,0.31896439088775885
level,0.3355764704813176,0.23336701492995354,0.4310565145887289
dry,0.39287765046802914,0.19515391016308273,0.41196843936888805
notice,0.15037270304924,0.4357182332045029,0.41390906374625713
roast,0.08692986263198199,0.5541513576562611,0.35891877971175695
theatre,0.522819960313314,0.14139226897851687,0.3357877707081691
juice,0.24160709926461058,0.3150350916685069,0.4433578090668826
fever,0.5159326899997175,0.2135658130770408,0.27050149692324166
everyday,0.7376812279601238,0.0777271538824831,0.18459161815739314
magic,0.28877540637246546,0.446267910087631,0.2649566835399036
view,0.2399023456560854,0.38685957945242694,0.37323807489148764
blocked,0.08956138504205567,0.6228289203435172,0.28760969461442715
advice,0.20664675004008493,0.31934787808018433,0.47400537187973074
continue,0.3250390283411447,0.3767317559090129,0.2982292157498424
supernatural,0.0955543351582864,0.5537543084075045,0.3506913564342091
deep,0.237451724131826,0.2905046858209606,0.47204359004721336
kidding,0.26511311152871564,0.49164079048816073,0.24324609798312363
pair,0.43223948758688413,0.25049044412123933,0.3172700682918765
basically,0.7620976583776086,0.06309272864861962,0.1748096129737719
island,0.4251377918199189,0.3519641222185335,0.22289808596154762
freaking,0.2796760331545744,0.3781801758576543,0.34214379098777126
nose,0.46491223066705173,0.1796165852212151,0.3554711841117332
partying,0.5719129166209002,0.16571683591754938,0.2623702474615504
bella,0.2296959309700161,0.3253869988243549,0.4449170702056291
rush,0.2597912786292484,0.5018455017916763,0.2383632195790753
six,0.3250390283411446,0.376731755909013,0.2982292157498424
watchin,0.40242095895693203,0.2098890704456964,0.38768997059737165
shout,0.22019503520083558,0.5104277026486361,0.26937726215052826
plane,0.23700021643671176,0.18312776806053568,0.5798720155027526
hugh,0.12458854006361751,0.36100633594563974,0.5144051239907429
jump,0.2334359314788159,0.338200649346215,0.42836341917496906
bothered,0.4277738154390591,0.2974830095537577,0.2747431750071832
bird,0.4202130575630327,0.13915480843687195,0.4406321340000955
child,0.08204908941726491,0.7924816927538241,0.12546921782891107
kisses,0.31756440198869873,0.24537893266945068,0.4370566653418506
